timestamp,altitude,speed,pitch,roll,yaw,lat,lon,vertical_speed
0,1000,60,0,0,0,39.9042,116.4074,0
0.1,1000,60,0,0,0,39.9042,116.40741,0
0.2,1000,60,0,0,0,39.9042,116.40742,0
0.3,1000,60,0,0,0,39.9042,116.40742999999999,0
0.4,1000,60,0,0,0,39.9042,116.40744,0
0.5,1000,60,0,0,0,39.9042,116.40745,0
0.6,1000,60,0,0,0,39.9042,116.40746,0
0.7,1000,60,0,0,0,39.9042,116.40746999999999,0
0.8,1000,60,0,0,0,39.9042,116.40747999999999,0
0.9,1000,60,0,0,0,39.9042,116.40749,0
1,1000,60,0,0,0,39.9042,116.4075,0
1.1,1000,60,0,0,0,39.9042,116.40751,0
1.2,1000,60,0,0,0,39.9042,116.40751999999999,0
1.3,1000,60,0,0,0,39.9042,116.40753,0
1.4,1000,60,0,0,0,39.9042,116.40754,0
1.5,1000,60,0,0,0,39.9042,116.40755,0
1.6,1000,60,0,0,0,39.9042,116.40755999999999,0
1.7,1000,60,0,0,0,39.9042,116.40756999999999,0
1.8,1000,60,0,0,0,39.9042,116.40758,0
1.9,1000,60,0,0,0,39.9042,116.40759,0
2,1000,60,0,0,0,39.9042,116.4076,0
2.1,1000,60,0,0,0,39.9042,116.40760999999999,0
2.2,1000,60,0,0,0,39.9042,116.40762,0
2.3,1000,60,0,0,0,39.9042,116.40763,0
2.4,1000,60,0,0,0,39.9042,116.40764,0
2.5,1000,60,0,0,0,39.9042,116.40764999999999,0
2.6,1000,60,0,0,0,39.9042,116.40765999999999,0
2.7,1000,60,0,0,0,39.9042,116.40767,0
2.8,1000,60,0,0,0,39.9042,116.40768,0
2.9,1000,60,0,0,0,39.9042,116.40769,0
3,1000,60,0,0,0,39.9042,116.40769999999999,0
3.1,1000,60,0,0,0,39.9042,116.40771,0
3.2,1000,60,0,0,0,39.9042,116.40772,0
3.3,1000,60,0,0,0,39.9042,116.40773,0
3.4,1000,60,0,0,0,39.9042,116.40773999999999,0
3.5,1000,60,0,0,0,39.9042,116.40775,0
3.6,1000,60,0,0,0,39.9042,116.40776,0
3.7,1000,60,0,0,0,39.9042,116.40777,0
3.8,1000,60,0,0,0,39.9042,116.40778,0
3.9,1000,60,0,0,0,39.9042,116.40778999999999,0
4,1000,60,0,0,0,39.9042,116.4078,0
4.1,1000,60,0,0,0,39.9042,116.40781,0
4.2,1000,60,0,0,0,39.9042,116.40782,0
4.3,1000,60,0,0,0,39.9042,116.40782999999999,0
4.4,1000,60,0,0,0,39.9042,116.40784,0
4.5,1000,60,0,0,0,39.9042,116.40785,0
4.6,1000,60,0,0,0,39.9042,116.40786,0
4.7,1000,60,0,0,0,39.9042,116.40787,0
4.8,1000,60,0,0,0,39.9042,116.40787999999999,0
4.9,1000,60,0,0,0,39.9042,116.40789,0
5,1000,50,5,0,0,39.9042,116.4074,5
5.1,1005,50.3,4.95,0,0,39.9042,116.40741,5.1
5.2,1010,50.6,4.9,0,0,39.9042,116.40742,5.2
5.3,1015,50.9,4.85,0,0,39.9042,116.40742999999999,5.3
5.4,1020,51.2,4.8,0,0,39.9042,116.40744,5.4
5.5,1025,51.5,4.75,0,0,39.9042,116.40745,5.5
5.6,1030,51.8,4.699999999999999,0,0,39.9042,116.40746,5.6
5.7,1035,52.1,4.65,0,0,39.9042,116.40746999999999,5.7
5.8,1040,52.4,4.6000000000000005,0,0,39.9042,116.40747999999999,5.8
5.9,1045,52.7,4.55,0,0,39.9042,116.40749,5.9
6,1050,53,4.5,0,0,39.9042,116.4075,6
6.1,1055,53.3,4.45,0,0,39.9042,116.40751,6.1
6.2,1060,53.6,4.4,0,0,39.9042,116.40751999999999,6.2
6.3,1065,53.9,4.35,0,0,39.9042,116.40753,6.3
6.4,1070,54.2,4.3,0,0,39.9042,116.40754,6.4
6.5,1075,54.5,4.25,0,0,39.9042,116.40755,6.5
6.6,1080,54.8,4.2,0,0,39.9042,116.40755999999999,6.6
6.7,1085,55.1,4.15,0,0,39.9042,116.40756999999999,6.699999999999999
6.8,1090,55.4,4.1000000000000005,0,0,39.9042,116.40758,6.8
6.9,1095,55.7,4.050000000000001,0,0,39.9042,116.40759,6.9
7,1100,56,4,0,0,39.9042,116.4076,7
7.1,1105,56.3,3.95,0,0,39.9042,116.40760999999999,7.1
7.2,1110,56.6,3.9000000000000004,0,0,39.9042,116.40762,7.2
7.3,1115,56.9,3.85,0,0,39.9042,116.40763,7.3
7.4,1120,57.2,3.8,0,0,39.9042,116.40764,7.4
7.5,1125,57.5,3.75,0,0,39.9042,116.40764999999999,7.5
7.6,1130,57.8,3.7,0,0,39.9042,116.40765999999999,7.6
7.7,1135,58.1,3.65,0,0,39.9042,116.40767,7.7
7.8,1140,58.4,3.5999999999999996,0,0,39.9042,116.40768,7.8
7.9,1145,58.7,3.55,0,0,39.9042,116.40769,7.9
8,1150,59,3.5,0,0,39.9042,116.40769999999999,8
8.1,1155,59.3,3.4499999999999997,0,0,39.9042,116.40771,8.1
8.2,1160,59.6,3.3999999999999995,0,0,39.9042,116.40772,8.2
8.3,1165,59.9,3.35,0,0,39.9042,116.40773,8.3
8.4,1170,60.2,3.3000000000000003,0,0,39.9042,116.40773999999999,8.399999999999999
8.5,1175,60.5,3.25,0,0,39.9042,116.40775,8.5
8.6,1180,60.8,3.2,0,0,39.9042,116.40776,8.6
8.7,1185,61.1,3.15,0,0,39.9042,116.40777,8.7
8.8,1190,61.4,3.1,0,0,39.9042,116.40778,8.8
8.9,1195,61.7,3.05,0,0,39.9042,116.40778999999999,8.9
9,1200,62,3,0,0,39.9042,116.4078,9
9.1,1205,62.3,2.95,0,0,39.9042,116.40781,9.1
9.2,1210,62.6,2.9,0,0,39.9042,116.40782,9.2
9.3,1215,62.9,2.8500000000000005,0,0,39.9042,116.40782999999999,9.3
9.4,1220,63.2,2.8,0,0,39.9042,116.40784,9.4
9.5,1225,63.5,2.75,0,0,39.9042,116.40785,9.5
9.6,1230,63.8,2.7,0,0,39.9042,116.40786,9.6
9.7,1235,64.1,2.6500000000000004,0,0,39.9042,116.40787,9.7
9.8,1240,64.4,2.6,0,0,39.9042,116.40787999999999,9.8
9.9,1245,64.7,2.55,0,0,39.9042,116.40789,9.9
10,1250,65,2.5,0,0,39.9042,116.4079,10
10.1,1255,65.3,2.45,0,0,39.9042,116.40791,10.1
10.2,1260,65.6,2.4,0,0,39.9042,116.40791999999999,10.2
10.3,1265,65.9,2.3499999999999996,0,0,39.9042,116.40793,10.3
10.4,1270,66.2,2.3,0,0,39.9042,116.40794,10.4
10.5,1275,66.5,2.25,0,0,39.9042,116.40795,10.5
10.6,1280,66.8,2.2,0,0,39.9042,116.40795999999999,10.6
10.7,1285,67.1,2.1499999999999995,0,0,39.9042,116.40796999999999,10.700000000000001
10.8,1290,67.4,2.1,0,0,39.9042,116.40798,10.8
10.9,1295,67.7,2.05,0,0,39.9042,116.40799,10.9
11,1300,68,2,0,0,39.9042,116.408,11
11.1,1305,68.3,1.9500000000000002,0,0,39.9042,116.40800999999999,11.1
11.2,1310,68.6,1.9,0,0,39.9042,116.40802,11.2
11.3,1315,68.9,1.85,0,0,39.9042,116.40803,11.3
11.4,1320,69.2,1.7999999999999998,0,0,39.9042,116.40804,11.4
11.5,1325,69.5,1.75,0,0,39.9042,116.40804999999999,11.5
11.6,1330,69.8,1.7000000000000004,0,0,39.9042,116.40805999999999,11.6
11.7,1335,70.1,1.65,0,0,39.9042,116.40807,11.7
11.8,1340,70.4,1.6000000000000003,0,0,39.9042,116.40808,11.799999999999999
11.9,1345,70.7,1.5499999999999998,0,0,39.9042,116.40809,11.9
12,1350,71,1.5000000000000002,0,0,39.9042,116.40809999999999,12
12.1,1355,71.3,1.4500000000000002,0,0,39.9042,116.40811,12.1
12.2,1360,71.6,1.4000000000000001,0,0,39.9042,116.40812,12.2
12.3,1365,71.9,1.35,0,0,39.9042,116.40813,12.3
12.4,1370,72.2,1.3,0,0,39.9042,116.40813999999999,12.4
12.5,1375,72.5,1.25,0,0,39.9042,116.40814999999999,12.5
12.6,1380,72.8,1.2,0,0,39.9042,116.40816,12.6
12.7,1385,73.1,1.15,0,0,39.9042,116.40817,12.7
12.8,1390,73.4,1.0999999999999999,0,0,39.9042,116.40818,12.8
12.9,1395,73.7,1.0499999999999998,0,0,39.9042,116.40818999999999,12.9
13,1400,74,0.9999999999999998,0,0,39.9042,116.4082,13
13.1,1405,74.3,0.9500000000000003,0,0,39.9042,116.40821,13.1
13.2,1410,74.6,0.9000000000000002,0,0,39.9042,116.40822,13.2
13.3,1415,74.9,0.8499999999999996,0,0,39.9042,116.40822999999999,13.3
13.4,1420,75.2,0.7999999999999996,0,0,39.9042,116.40823999999999,13.4
13.5,1425,75.5,0.7500000000000001,0,0,39.9042,116.40825,13.5
13.6,1430,75.8,0.7000000000000001,0,0,39.9042,116.40826,13.6
13.7,1435,76.1,0.6500000000000006,0,0,39.9042,116.40827,13.7
13.8,1440,76.4,0.5999999999999994,0,0,39.9042,116.40827999999999,13.8
13.9,1445,76.7,0.5499999999999999,0,0,39.9042,116.40829,13.9
14,1450,77,0.4999999999999999,0,0,39.9042,116.4083,14
14.1,1455,77.3,0.4500000000000004,0,0,39.9042,116.40831,14.1
14.2,1460,77.6,0.40000000000000036,0,0,39.9042,116.40831999999999,14.2
14.3,1465,77.9,0.34999999999999976,0,0,39.9042,116.40832999999999,14.3
14.4,1470,78.2,0.2999999999999997,0,0,39.9042,116.40834,14.4
14.5,1475,78.5,0.2500000000000002,0,0,39.9042,116.40835,14.5
14.6,1480,78.8,0.20000000000000018,0,0,39.9042,116.40836,14.6
14.7,1485,79.1,0.15000000000000013,0,0,39.9042,116.40836999999999,14.7
14.8,1490,79.4,0.09999999999999953,0,0,39.9042,116.40838,14.8
14.9,1495,79.7,0.050000000000000044,0,0,39.9042,116.40839,14.9
15,1500,80,10,0,0,39.9052,116.4074,8
15.1,1510,79.96666666666667,9.966666666666667,0,0,39.9052,116.40741,7.984
15.2,1520,79.93333333333334,9.933333333333334,0,0,39.9052,116.40742,7.968
15.3,1530,79.9,9.9,0,0,39.9052,116.40742999999999,7.952
15.4,1540,79.86666666666666,9.866666666666667,0,0,39.9052,116.40744,7.936
15.5,1550,79.83333333333333,9.833333333333332,0,0,39.9052,116.40745,7.92
15.6,1560,79.8,9.8,0,0,39.9052,116.40746,7.904
15.7,1570,79.76666666666667,9.766666666666667,0,0,39.9052,116.40746999999999,7.888
15.8,1580,79.73333333333333,9.733333333333334,0,0,39.9052,116.40747999999999,7.872
15.9,1590,79.7,9.7,0,0,39.9052,116.40749,7.856
16,1600,79.66666666666667,9.666666666666666,0,0,39.9052,116.4075,7.84
16.1,1610,79.63333333333334,9.633333333333333,0,0,39.9052,116.40751,7.824
16.2,1620,79.6,9.6,0,0,39.9052,116.40751999999999,7.808
16.3,1630,79.56666666666666,9.566666666666666,0,0,39.9052,116.40753,7.792
16.4,1640,79.53333333333333,9.533333333333333,0,0,39.9052,116.40754,7.776
16.5,1650,79.5,9.5,0,0,39.9052,116.40755,7.76
16.6,1660,79.46666666666667,9.466666666666667,0,0,39.9052,116.40755999999999,7.744
16.7,1670,79.43333333333334,9.433333333333334,0,0,39.9052,116.40756999999999,7.728
16.8,1680,79.4,9.399999999999999,0,0,39.9052,116.40758,7.712
16.9,1690,79.36666666666666,9.366666666666667,0,0,39.9052,116.40759,7.696
17,1700,79.33333333333333,9.333333333333334,0,0,39.9052,116.4076,7.68
17.1,1710,79.3,9.299999999999999,0,0,39.9052,116.40760999999999,7.664
17.2,1720,79.26666666666667,9.266666666666666,0,0,39.9052,116.40762,7.648
17.3,1730,79.23333333333333,9.233333333333334,0,0,39.9052,116.40763,7.632
17.4,1740,79.2,9.200000000000001,0,0,39.9052,116.40764,7.616
17.5,1750,79.16666666666667,9.166666666666666,0,0,39.9052,116.40764999999999,7.6
17.6,1760,79.13333333333334,9.133333333333333,0,0,39.9052,116.40765999999999,7.584
17.7,1770,79.1,9.1,0,0,39.9052,116.40767,7.568
17.8,1780,79.06666666666666,9.066666666666666,0,0,39.9052,116.40768,7.552
17.9,1790,79.03333333333333,9.033333333333333,0,0,39.9052,116.40769,7.536
18,1800,79,9,0,0,39.9052,116.40769999999999,7.52
18.1,1810,78.96666666666667,8.966666666666667,0,0,39.9052,116.40771,7.504
18.2,1820,78.93333333333334,8.933333333333334,0,0,39.9052,116.40772,7.4879999999999995
18.3,1830,78.9,8.9,0,0,39.9052,116.40773,7.4719999999999995
18.4,1840,78.86666666666666,8.866666666666667,0,0,39.9052,116.40773999999999,7.456
18.5,1850,78.83333333333333,8.833333333333332,0,0,39.9052,116.40775,7.44
18.6,1860,78.8,8.8,0,0,39.9052,116.40776,7.4239999999999995
18.7,1870,78.76666666666667,8.766666666666667,0,0,39.9052,116.40777,7.408
18.8,1880,78.73333333333333,8.733333333333333,0,0,39.9052,116.40778,7.392
18.9,1890,78.7,8.7,0,0,39.9052,116.40778999999999,7.376
19,1900,78.66666666666667,8.666666666666668,0,0,39.9052,116.4078,7.36
19.1,1910,78.63333333333334,8.633333333333333,0,0,39.9052,116.40781,7.344
19.2,1920,78.6,8.6,0,0,39.9052,116.40782,7.328
19.3,1930,78.56666666666666,8.566666666666666,0,0,39.9052,116.40782999999999,7.312
19.4,1940,78.53333333333333,8.533333333333333,0,0,39.9052,116.40784,7.296
19.5,1950,78.5,8.5,0,0,39.9052,116.40785,7.28
19.6,1960,78.46666666666667,8.466666666666667,0,0,39.9052,116.40786,7.264
19.7,1970,78.43333333333334,8.433333333333334,0,0,39.9052,116.40787,7.248
19.8,1980,78.4,8.4,0,0,39.9052,116.40787999999999,7.232
19.9,1990,78.36666666666666,8.366666666666667,0,0,39.9052,116.40789,7.216
20,2000,78.33333333333333,8.333333333333334,0,0,39.9052,116.4079,7.2
20.1,2010,78.3,8.3,0,0,39.9052,116.40791,7.184
20.2,2020,78.26666666666667,8.266666666666666,0,0,39.9052,116.40791999999999,7.168
20.3,2030,78.23333333333333,8.233333333333334,0,0,39.9052,116.40793,7.152
20.4,2040,78.2,8.2,0,0,39.9052,116.40794,7.136
20.5,2050,78.16666666666667,8.166666666666666,0,0,39.9052,116.40795,7.12
20.6,2060,78.13333333333334,8.133333333333333,0,0,39.9052,116.40795999999999,7.104
20.7,2070,78.1,8.100000000000001,0,0,39.9052,116.40796999999999,7.088
20.8,2080,78.06666666666666,8.066666666666666,0,0,39.9052,116.40798,7.072
20.9,2090,78.03333333333333,8.033333333333333,0,0,39.9052,116.40799,7.056
21,2100,78,8,0,0,39.9052,116.408,7.04
21.1,2110,77.96666666666667,7.966666666666667,0,0,39.9052,116.40800999999999,7.024
21.2,2120,77.93333333333334,7.933333333333334,0,0,39.9052,116.40802,7.008
21.3,2130,77.9,7.9,0,0,39.9052,116.40803,6.992
21.4,2140,77.86666666666666,7.866666666666666,0,0,39.9052,116.40804,6.976
21.5,2150,77.83333333333333,7.833333333333333,0,0,39.9052,116.40804999999999,6.96
21.6,2160,77.8,7.800000000000001,0,0,39.9052,116.40805999999999,6.944
21.7,2170,77.76666666666667,7.766666666666666,0,0,39.9052,116.40807,6.928
21.8,2180,77.73333333333333,7.733333333333333,0,0,39.9052,116.40808,6.912
21.9,2190,77.7,7.7,0,0,39.9052,116.40809,6.896
22,2200,77.66666666666667,7.666666666666666,0,0,39.9052,116.40809999999999,6.88
22.1,2210,77.63333333333334,7.633333333333333,0,0,39.9052,116.40811,6.864
22.2,2220,77.6,7.6,0,0,39.9052,116.40812,6.848
22.3,2230,77.56666666666666,7.566666666666667,0,0,39.9052,116.40813,6.832
22.4,2240,77.53333333333333,7.533333333333333,0,0,39.9052,116.40813999999999,6.816
22.5,2250,77.5,7.5,0,0,39.9052,116.40814999999999,6.8
22.6,2260,77.46666666666667,7.466666666666667,0,0,39.9052,116.40816,6.784000000000001
22.7,2270,77.43333333333334,7.433333333333334,0,0,39.9052,116.40817,6.768
22.8,2280,77.4,7.4,0,0,39.9052,116.40818,6.752
22.9,2290,77.36666666666666,7.366666666666665,0,0,39.9052,116.40818999999999,6.736
23,2300,77.33333333333333,7.333333333333334,0,0,39.9052,116.4082,6.72
23.1,2310,77.3,7.3,0,0,39.9052,116.40821,6.704000000000001
23.2,2320,77.26666666666667,7.266666666666667,0,0,39.9052,116.40822,6.688000000000001
23.3,2330,77.23333333333333,7.233333333333334,0,0,39.9052,116.40822999999999,6.672
23.4,2340,77.2,7.199999999999999,0,0,39.9052,116.40823999999999,6.656
23.5,2350,77.16666666666667,7.166666666666667,0,0,39.9052,116.40825,6.640000000000001
23.6,2360,77.13333333333334,7.133333333333334,0,0,39.9052,116.40826,6.624
23.7,2370,77.1,7.1,0,0,39.9052,116.40827,6.6080000000000005
23.8,2380,77.06666666666666,7.066666666666666,0,0,39.9052,116.40827999999999,6.5920000000000005
23.9,2390,77.03333333333333,7.033333333333333,0,0,39.9052,116.40829,6.576
24,2400,77,7,0,0,39.9052,116.4083,6.5600000000000005
24.1,2410,76.96666666666667,6.966666666666667,0,0,39.9052,116.40831,6.5440000000000005
24.2,2420,76.93333333333334,6.933333333333334,0,0,39.9052,116.40831999999999,6.5280000000000005
24.3,2430,76.9,6.8999999999999995,0,0,39.9052,116.40832999999999,6.5120000000000005
24.4,2440,76.86666666666666,6.866666666666666,0,0,39.9052,116.40834,6.496
24.5,2450,76.83333333333333,6.833333333333334,0,0,39.9052,116.40835,6.48
24.6,2460,76.8,6.799999999999999,0,0,39.9052,116.40836,6.464
24.7,2470,76.76666666666667,6.7666666666666675,0,0,39.9052,116.40836999999999,6.448
24.8,2480,76.73333333333333,6.733333333333333,0,0,39.9052,116.40838,6.4319999999999995
24.9,2490,76.7,6.699999999999999,0,0,39.9052,116.40839,6.416
25,2500,76.66666666666667,6.666666666666668,0,0,39.9052,116.4084,6.4
25.1,2510,76.63333333333334,6.633333333333333,0,0,39.9052,116.40840999999999,6.384
25.2,2520,76.6,6.6000000000000005,0,0,39.9052,116.40841999999999,6.368
25.3,2530,76.56666666666666,6.566666666666666,0,0,39.9052,116.40843,6.352
25.4,2540,76.53333333333333,6.533333333333333,0,0,39.9052,116.40844,6.336
25.5,2550,76.5,6.5,0,0,39.9052,116.40845,6.32
25.6,2560,76.46666666666667,6.466666666666667,0,0,39.9052,116.40845999999999,6.304
25.7,2570,76.43333333333334,6.433333333333334,0,0,39.9052,116.40847,6.288
25.8,2580,76.4,6.399999999999999,0,0,39.9052,116.40848,6.272
25.9,2590,76.36666666666666,6.366666666666667,0,0,39.9052,116.40849,6.256
26,2600,76.33333333333333,6.333333333333333,0,0,39.9052,116.40849999999999,6.24
26.1,2610,76.3,6.3,0,0,39.9052,116.40850999999999,6.224
26.2,2620,76.26666666666667,6.2666666666666675,0,0,39.9052,116.40852,6.208
26.3,2630,76.23333333333333,6.2333333333333325,0,0,39.9052,116.40853,6.192
26.4,2640,76.2,6.2,0,0,39.9052,116.40854,6.176
26.5,2650,76.16666666666667,6.166666666666667,0,0,39.9052,116.40854999999999,6.16
26.6,2660,76.13333333333334,6.133333333333333,0,0,39.9052,116.40856,6.144
26.7,2670,76.1,6.100000000000001,0,0,39.9052,116.40857,6.128
26.8,2680,76.06666666666666,6.066666666666666,0,0,39.9052,116.40858,6.112
26.9,2690,76.03333333333333,6.033333333333333,0,0,39.9052,116.40858999999999,6.096
27,2700,76,6,0,0,39.9052,116.40859999999999,6.08
27.1,2710,75.96666666666667,5.966666666666667,0,0,39.9052,116.40861,6.064
27.2,2720,75.93333333333334,5.933333333333334,0,0,39.9052,116.40862,6.048
27.3,2730,75.9,5.8999999999999995,0,0,39.9052,116.40863,6.032
27.4,2740,75.86666666666667,5.866666666666667,0,0,39.9052,116.40863999999999,6.016
27.5,2750,75.83333333333333,5.833333333333332,0,0,39.9052,116.40865,6
27.6,2760,75.8,5.800000000000001,0,0,39.9052,116.40866,5.984
27.7,2770,75.76666666666667,5.766666666666667,0,0,39.9052,116.40867,5.968
27.8,2780,75.73333333333333,5.7333333333333325,0,0,39.9052,116.40867999999999,5.952
27.9,2790,75.7,5.700000000000001,0,0,39.9052,116.40868999999999,5.936
28,2800,75.66666666666667,5.666666666666666,0,0,39.9052,116.4087,5.92
28.1,2810,75.63333333333334,5.633333333333334,0,0,39.9052,116.40871,5.904
28.2,2820,75.6,5.6000000000000005,0,0,39.9052,116.40872,5.888
28.3,2830,75.56666666666666,5.566666666666666,0,0,39.9052,116.40872999999999,5.872
28.4,2840,75.53333333333333,5.533333333333333,0,0,39.9052,116.40874,5.856
28.5,2850,75.5,5.5,0,0,39.9052,116.40875,5.84
28.6,2860,75.46666666666667,5.466666666666667,0,0,39.9052,116.40876,5.824
28.7,2870,75.43333333333334,5.433333333333334,0,0,39.9052,116.40876999999999,5.808
28.8,2880,75.4,5.4,0,0,39.9052,116.40878,5.792
28.9,2890,75.36666666666667,5.366666666666666,0,0,39.9052,116.40879,5.776
29,2900,75.33333333333333,5.333333333333333,0,0,39.9052,116.4088,5.76
29.1,2910,75.3,5.300000000000001,0,0,39.9052,116.40881,5.744
29.2,2920,75.26666666666667,5.266666666666666,0,0,39.9052,116.40881999999999,5.728
29.3,2930,75.23333333333333,5.233333333333333,0,0,39.9052,116.40883,5.712
29.4,2940,75.2,5.2,0,0,39.9052,116.40884,5.696
29.5,2950,75.16666666666667,5.166666666666666,0,0,39.9052,116.40885,5.68
29.6,2960,75.13333333333334,5.133333333333335,0,0,39.9052,116.40885999999999,5.664
29.7,2970,75.1,5.1,0,0,39.9052,116.40887,5.648
29.8,2980,75.06666666666666,5.066666666666666,0,0,39.9052,116.40888,5.632
29.9,2990,75.03333333333333,5.033333333333333,0,0,39.9052,116.40889,5.616
30,3500,80,0,0,0,39.9052,116.4074,13.507557646703495
30.1,3498.458666866564,79.80000000000001,7.061318615506045,0,0,39.9052,116.40741,14.029201338733536
30.2,3493.844170297569,79.6,14.079101853620779,0,0,39.9052,116.40742,14.54207723659709
30.3,3486.1849601988383,79.4,21.010082747031486,0,0,39.9052,116.40742999999999,15.045864809552814
30.4,3475.5282581475767,79.2,27.811529493745265,0,0,39.9052,116.40744,15.54024920676661
30.5,3461.9397662556435,79,34.44150891285808,0,0,39.9052,116.40745,16.02492145408313
30.6,3445.503262094184,78.8,40.85914497655921,0,0,39.9052,116.40746,16.499578647124554
30.7,3426.320082177046,78.60000000000001,47.02487082443539,0,0,39.9052,116.40746999999999,16.963924140596
30.8,3404.508497187474,78.4,52.90067270632258,0,0,39.9052,116.40747999999999,17.417667733679135
30.9,3380.2029828000154,78.2,58.45032434971653,0,0,39.9052,116.40749,17.860525851398286
31,3353.553390593274,78,63.63961030678928,0,0,39.9052,116.4075,18.29222172184552
31.1,3324.7240241650916,77.8,68.43653690400279,0,0,39.9052,116.40751,18.712485549154128
31.2,3293.8926261462366,77.6,72.81152949374527,0,0,39.9052,116.40751999999999,19.121054682112213
31.3,3261.2492823579746,77.4,76.7376147918683,0,0,39.9052,116.40753,19.51767377831117
31.4,3226.9952498697735,77.2,80.1905871769531,0,0,39.9052,116.40754,19.902094963726398
31.5,3191.341716182545,77,83.1491579260158,0,0,39.9052,116.40755,20.27407798763045
31.6,3154.508497187474,76.8,85.59508646656381,0,0,39.9052,116.40755999999999,20.633390372741957
31.7,3116.7226819279526,76.6,87.51329283579089,0,0,39.9052,116.40756999999999,20.979807560516353
31.8,3078.2172325201154,76.39999999999999,88.8919506535624,0,0,39.9052,116.40758,21.31311305148764
31.9,3039.2295478639226,76.2,89.72256003598152,0,0,39.9052,116.40759,21.63309854057353
32,3000,76,90,0,0,39.9052,116.4076,21.939564047259317
32.1,2960.7704521360774,75.8,89.72256003598152,0,0,39.9052,116.40760999999999,22.232318040579205
32.2,2921.7827674798846,75.6,88.89195065356239,0,0,39.9052,116.40762,22.511177558816925
32.3,2883.2773180720474,75.4,87.5132928357909,0,0,39.9052,116.40763,22.775968323850844
32.4,2845.4915028125265,75.19999999999999,85.59508646656383,0,0,39.9052,116.40764,23.02652485007213
32.5,2808.658283817455,75,83.1491579260158,0,0,39.9052,116.40764999999999,23.262690547807857
32.6,2773.0047501302265,74.80000000000001,80.19058717695312,0,0,39.9052,116.40765999999999,23.484317821184472
32.7,2738.750717642026,74.6,76.73761479186831,0,0,39.9052,116.40767,23.69126816037039
32.8,2706.1073738537634,74.4,72.81152949374527,0,0,39.9052,116.40768,23.88341222814015
32.9,2675.2759758349084,74.2,68.43653690400278,0,0,39.9052,116.40769,24.06062994070595
33,2646.446609406726,74,63.63961030678928,0,0,39.9052,116.40769999999999,24.22281054276612
33.1,2619.7970171999846,73.8,58.45032434971654,0,0,39.9052,116.40771,24.369852676723582
33.2,2595.4915028125265,73.6,52.900672706322595,0,0,39.9052,116.40772,24.50166444603104
33.3,2573.679917822954,73.4,47.0248708244354,0,0,39.9052,116.40773,24.618163472623337
33.4,2554.496737905816,73.2,40.859144976559215,0,0,39.9052,116.40773999999999,24.719276948401056
33.5,2538.0602337443565,73,34.44150891285809,0,0,39.9052,116.40775,24.804941680733226
33.6,2524.4717418524233,72.8,27.811529493745276,0,0,39.9052,116.40776,24.875104131950646
33.7,2513.8150398011617,72.6,21.010082747031497,0,0,39.9052,116.40777,24.92972045280519
33.8,2506.155829702431,72.4,14.079101853620788,0,0,39.9052,116.40778,24.968756509874158
33.9,2501.541333133436,72.2,7.061318615506056,0,0,39.9052,116.40778999999999,24.992187906892564
34,2500,64,0.000000000000011021821192326179,0,0,39.9052,116.4078,-25
34.1,2501.5413331334357,64.4,-7.061318615505994,0,0,39.9052,116.40781,-24.992187906892564
34.2,2506.155829702431,64.80000000000001,-14.079101853620767,0,0,39.9052,116.40782,-24.968756509874158
34.3,2513.8150398011617,65.2,-21.010082747031475,0,0,39.9052,116.40782999999999,-24.92972045280519
34.4,2524.4717418524233,65.60000000000001,-27.811529493745297,0,0,39.9052,116.40784,-24.875104131950643
34.5,2538.0602337443565,66,-34.44150891285807,0,0,39.9052,116.40785,-24.804941680733226
34.6,2554.496737905816,66.4,-40.859144976559165,0,0,39.9052,116.40786,-24.71927694840106
34.7,2573.679917822954,66.80000000000001,-47.02487082443538,0,0,39.9052,116.40787,-24.618163472623337
34.8,2595.491502812526,67.2,-52.900672706322574,0,0,39.9052,116.40787999999999,-24.50166444603104
34.9,2619.7970171999846,67.60000000000001,-58.45032434971655,0,0,39.9052,116.40789,-24.369852676723582
35,2646.446609406726,68,-63.63961030678927,0,0,39.9052,116.4079,-24.22281054276612
35.1,2675.275975834908,68.4,-68.43653690400275,0,0,39.9052,116.40791,-24.06062994070595
35.2,2706.1073738537634,68.80000000000001,-72.81152949374525,0,0,39.9052,116.40791999999999,-23.88341222814015
35.3,2738.7507176420254,69.2,-76.73761479186827,0,0,39.9052,116.40793,-23.69126816037039
35.4,2773.0047501302265,69.60000000000001,-80.1905871769531,0,0,39.9052,116.40794,-23.484317821184472
35.5,2808.658283817455,70,-83.14915792601579,0,0,39.9052,116.40795,-23.262690547807857
35.6,2845.491502812526,70.4,-85.59508646656381,0,0,39.9052,116.40795999999999,-23.02652485007213
35.7,2883.2773180720474,70.8,-87.5132928357909,0,0,39.9052,116.40796999999999,-22.775968323850844
35.8,2921.7827674798846,71.2,-88.89195065356239,0,0,39.9052,116.40798,-22.511177558816925
35.9,2960.7704521360774,71.6,-89.72256003598152,0,0,39.9052,116.40799,-22.232318040579205
36,3000,72,-90,0,0,39.9052,116.408,-21.939564047259317
36.1,3039.229547863922,72.4,-89.72256003598153,0,0,39.9052,116.40800999999999,-21.633098540573535
36.2,3078.2172325201154,72.8,-88.8919506535624,0,0,39.9052,116.40802,-21.31311305148764
36.3,3116.722681927952,73.2,-87.5132928357909,0,0,39.9052,116.40803,-20.979807560516353
36.4,3154.5084971874735,73.60000000000001,-85.59508646656383,0,0,39.9052,116.40804,-20.633390372741957
36.5,3191.341716182545,74,-83.1491579260158,0,0,39.9052,116.40804999999999,-20.27407798763045
36.6,3226.9952498697735,74.4,-80.19058717695312,0,0,39.9052,116.40805999999999,-19.902094963726398
36.7,3261.2492823579746,74.80000000000001,-76.73761479186828,0,0,39.9052,116.40807,-19.51767377831117
36.8,3293.8926261462366,75.2,-72.81152949374528,0,0,39.9052,116.40808,-19.121054682112213
36.9,3324.724024165092,75.60000000000001,-68.43653690400278,0,0,39.9052,116.40809,-18.712485549154128
37,3353.5533905932734,76,-63.639610306789294,0,0,39.9052,116.40809999999999,-18.29222172184552
37.1,3380.2029828000154,76.4,-58.45032434971657,0,0,39.9052,116.40811,-17.860525851398286
37.2,3404.5084971874735,76.80000000000001,-52.9006727063226,0,0,39.9052,116.40812,-17.417667733679135
37.3,3426.320082177046,77.2,-47.02487082443545,0,0,39.9052,116.40813,-16.963924140596
37.4,3445.503262094184,77.60000000000001,-40.85914497655923,0,0,39.9052,116.40813999999999,-16.49957864712455
37.5,3461.939766255643,78,-34.44150891285813,0,0,39.9052,116.40814999999999,-16.02492145408313
37.6,3475.5282581475767,78.4,-27.81152949374529,0,0,39.9052,116.40816,-15.540249206766612
37.7,3486.1849601988383,78.80000000000001,-21.01008274703147,0,0,39.9052,116.40817,-15.045864809552814
37.8,3493.844170297569,79.2,-14.079101853620799,0,0,39.9052,116.40818,-14.54207723659709
37.9,3498.458666866564,79.60000000000001,-7.0613186155060275,0,0,39.9052,116.40818999999999,-14.029201338733536
38,3000,75,0,0,0,39.9052,116.4074,0
38.1,3000,75,0,0,0,39.9052,116.40741,0
38.2,3000,75,0,0,0,39.9052,116.40742,0
38.3,3000,75,0,0,0,39.9052,116.40742999999999,0
38.4,3000,75,0,0,0,39.9052,116.40744,0
38.5,3000,75,0,0,0,39.9052,116.40745,0
38.6,3000,75,0,0,0,39.9052,116.40746,0
38.7,3000,75,0,0,0,39.9052,116.40746999999999,0
38.8,3000,75,0,0,0,39.9052,116.40747999999999,0
38.9,3000,75,0,0,0,39.9052,116.40749,0
39,3000,75,0,0,0,39.9052,116.4075,0
39.1,3000,75,0,0,0,39.9052,116.40751,0
39.2,3000,75,0,0,0,39.9052,116.40751999999999,0
39.3,3000,75,0,0,0,39.9052,116.40753,0
39.4,3000,75,0,0,0,39.9052,116.40754,0
39.5,3000,75,0,0,0,39.9052,116.40755,0
39.6,3000,75,0,0,0,39.9052,116.40755999999999,0
39.7,3000,75,0,0,0,39.9052,116.40756999999999,0
39.8,3000,75,0,0,0,39.9052,116.40758,0
39.9,3000,75,0,0,0,39.9052,116.40759,0
40,3000,75,0,0,0,39.9052,116.4076,0
40.1,3000,75,0,0,0,39.9052,116.40760999999999,0
40.2,3000,75,0,0,0,39.9052,116.40762,0
40.3,3000,75,0,0,0,39.9052,116.40763,0
40.4,3000,75,0,0,0,39.9052,116.40764,0
40.5,3000,75,0,0,0,39.9052,116.40764999999999,0
40.6,3000,75,0,0,0,39.9052,116.40765999999999,0
40.7,3000,75,0,0,0,39.9052,116.40767,0
40.8,3000,75,0,0,0,39.9052,116.40768,0
40.9,3000,75,0,0,0,39.9052,116.40769,0
41,3000,75,0,0,0,39.9052,116.40769999999999,0
41.1,3000,75,0,0,0,39.9052,116.40771,0
41.2,3000,75,0,0,0,39.9052,116.40772,0
41.3,3000,75,0,0,0,39.9052,116.40773,0
41.4,3000,75,0,0,0,39.9052,116.40773999999999,0
41.5,3000,75,0,0,0,39.9052,116.40775,0
41.6,3000,75,0,0,0,39.9052,116.40776,0
41.7,3000,75,0,0,0,39.9052,116.40777,0
41.8,3000,75,0,0,0,39.9052,116.40778,0
41.9,3000,75,0,0,0,39.9052,116.40778999999999,0
42,3000,75,0,0,0,39.9052,116.4078,0
42.1,3000,75,0,0,0,39.9052,116.40781,0
42.2,3000,75,0,0,0,39.9052,116.40782,0
42.3,3000,75,0,0,0,39.9052,116.40782999999999,0
42.4,3000,75,0,0,0,39.9052,116.40784,0
42.5,3000,75,0,0,0,39.9052,116.40785,0
42.6,3000,75,0,0,0,39.9052,116.40786,0
42.7,3000,75,0,0,0,39.9052,116.40787,0
42.8,3000,75,0,0,0,39.9052,116.40787999999999,0
42.9,3000,75,0,0,0,39.9052,116.40789,0
43,3000,75,0,0,0,39.9052,116.4074,0
43.1,3000,75,0,6,0.5,39.9052,116.40741,0
43.2,3000,75,0,12,1,39.9052,116.40742,0
43.3,3000,75,0,18,1.4999999999999998,39.9052,116.40742999999999,0
43.4,3000,75,0,24,2,39.9052,116.40744,0
43.5,3000,75,0,30,2.5,39.9052,116.40745,0
43.6,3000,75,0,36,2.9999999999999996,39.9052,116.40746,0
43.7,3000,75,0,41.99999999999999,3.4999999999999996,39.9052,116.40746999999999,0
43.8,3000,75,0,48,4,39.9052,116.40747999999999,0
43.9,3000,75,0,54,4.5,39.9052,116.40749,0
44,3000,75,0,60,5,39.9052,116.4075,0
44.1,3000,75,0,66,5.5,39.9052,116.40751,0
44.2,3000,75,0,72,5.999999999999999,39.9052,116.40751999999999,0
44.3,3000,75,0,78,6.5,39.9052,116.40753,0
44.4,3000,75,0,83.99999999999999,6.999999999999999,39.9052,116.40754,0
44.5,3000,75,0,90,7.5,39.9052,116.40755,0
44.6,3000,75,0,96,8,39.9052,116.40755999999999,0
44.7,3000,75,0,102,8.5,39.9052,116.40756999999999,0
44.8,3000,75,0,108,9,39.9052,116.40758,0
44.9,3000,75,0,114,9.5,39.9052,116.40759,0
45,3000,75,0,120,10,39.9052,116.4076,0
45.1,3000,75,0,126.00000000000001,10.500000000000002,39.9052,116.40760999999999,0
45.2,3000,75,0,132,11,39.9052,116.40762,0
45.3,3000,75,0,138,11.5,39.9052,116.40763,0
45.4,3000,75,0,144,11.999999999999998,39.9052,116.40764,0
45.5,3000,75,0,150,12.5,39.9052,116.40764999999999,0
45.6,3000,75,0,156,13,39.9052,116.40765999999999,0
45.7,3000,75,0,162,13.5,39.9052,116.40767,0
45.8,3000,75,0,167.99999999999997,13.999999999999998,39.9052,116.40768,0
45.9,3000,75,0,174,14.5,39.9052,116.40769,0
46,3000,75,0,180,15,39.9052,116.40769999999999,0
46.1,3000,75,0,186.00000000000003,15.500000000000002,39.9052,116.40771,0
46.2,3000,75,0,192,16,39.9052,116.40772,0
46.3,3000,75,0,197.99999999999997,16.499999999999996,39.9052,116.40773,0
46.4,3000,75,0,204,17,39.9052,116.40773999999999,0
46.5,3000,75,0,210,17.5,39.9052,116.40775,0
46.6,3000,75,0,216,18,39.9052,116.40776,0
46.7,3000,75,0,222,18.5,39.9052,116.40777,0
46.8,3000,75,0,228,19,39.9052,116.40778,0
46.9,3000,75,0,234,19.5,39.9052,116.40778999999999,0
47,3000,75,0,240,20,39.9052,116.4078,0
47.1,3000,75,0,245.99999999999997,20.499999999999996,39.9052,116.40781,0
47.2,3000,75,0,252.00000000000003,21.000000000000004,39.9052,116.40782,0
47.3,3000,75,0,258,21.5,39.9052,116.40782999999999,0
47.4,3000,75,0,264,22,39.9052,116.40784,0
47.5,3000,75,0,270,22.5,39.9052,116.40785,0
47.6,3000,75,0,276,23,39.9052,116.40786,0
47.7,3000,75,0,282,23.5,39.9052,116.40787,0
47.8,3000,75,0,288,23.999999999999996,39.9052,116.40787999999999,0
47.9,3000,75,0,294.00000000000006,24.500000000000004,39.9052,116.40789,0
48,3000,75,0,300,25,39.9052,116.4079,0
48.1,3000,75,0,306,25.5,39.9052,116.40791,0
48.2,3000,75,0,312,26,39.9052,116.40791999999999,0
48.3,3000,75,0,318,26.5,39.9052,116.40793,0
48.4,3000,75,0,324,27,39.9052,116.40794,0
48.5,3000,75,0,330,27.5,39.9052,116.40795,0
48.6,3000,75,0,335.99999999999994,27.999999999999996,39.9052,116.40795999999999,0
48.7,3000,75,0,342,28.500000000000004,39.9052,116.40796999999999,0
48.8,3000,75,0,348,29,39.9052,116.40798,0
48.9,3000,75,0,354,29.5,39.9052,116.40799,0
49,3000,75,0,0,0,39.9052,116.4074,0
49.1,3000,75,0,0,0,39.9052,116.40741,0
49.2,3000,75,0,0,0,39.9052,116.40742,0
49.3,3000,75,0,0,0,39.9052,116.40742999999999,0
49.4,3000,75,0,0,0,39.9052,116.40744,0
49.5,3000,75,0,0,0,39.9052,116.40745,0
49.6,3000,75,0,0,0,39.9052,116.40746,0
49.7,3000,75,0,0,0,39.9052,116.40746999999999,0
49.8,3000,75,0,0,0,39.9052,116.40747999999999,0
49.9,3000,75,0,0,0,39.9052,116.40749,0
50,3000,75,0,0,0,39.9052,116.4075,0
50.1,3000,75,0,0,0,39.9052,116.40751,0
50.2,3000,75,0,0,0,39.9052,116.40751999999999,0
50.3,3000,75,0,0,0,39.9052,116.40753,0
50.4,3000,75,0,0,0,39.9052,116.40754,0
50.5,3000,75,0,0,0,39.9052,116.40755,0
50.6,3000,75,0,0,0,39.9052,116.40755999999999,0
50.7,3000,75,0,0,0,39.9052,116.40756999999999,0
50.8,3000,75,0,0,0,39.9052,116.40758,0
50.9,3000,75,0,0,0,39.9052,116.40759,0
51,3000,75,0,0,0,39.9052,116.4076,0
51.1,3000,75,0,0,0,39.9052,116.40760999999999,0
51.2,3000,75,0,0,0,39.9052,116.40762,0
51.3,3000,75,0,0,0,39.9052,116.40763,0
51.4,3000,75,0,0,0,39.9052,116.40764,0
51.5,3000,75,0,0,0,39.9052,116.40764999999999,0
51.6,3000,75,0,0,0,39.9052,116.40765999999999,0
51.7,3000,75,0,0,0,39.9052,116.40767,0
51.8,3000,75,0,0,0,39.9052,116.40768,0
51.9,3000,75,0,0,0,39.9052,116.40769,0
52,3000,75,0,0,0,39.9052,116.40769999999999,0
52.1,3000,75,0,0,0,39.9052,116.40771,0
52.2,3000,75,0,0,0,39.9052,116.40772,0
52.3,3000,75,0,0,0,39.9052,116.40773,0
52.4,3000,75,0,0,0,39.9052,116.40773999999999,0
52.5,3000,75,0,0,0,39.9052,116.40775,0
52.6,3000,75,0,0,0,39.9052,116.40776,0
52.7,3000,75,0,0,0,39.9052,116.40777,0
52.8,3000,75,0,0,0,39.9052,116.40778,0
52.9,3000,75,0,0,0,39.9052,116.40778999999999,0
53,3000,75,0,0,0,39.9052,116.4078,0
53.1,3000,75,0,0,0,39.9052,116.40781,0
53.2,3000,75,0,0,0,39.9052,116.40782,0
53.3,3000,75,0,0,0,39.9052,116.40782999999999,0
53.4,3000,75,0,0,0,39.9052,116.40784,0
53.5,3000,75,0,0,0,39.9052,116.40785,0
53.6,3000,75,0,0,0,39.9052,116.40786,0
53.7,3000,75,0,0,0,39.9052,116.40787,0
53.8,3000,75,0,0,0,39.9052,116.40787999999999,0
53.9,3000,75,0,0,0,39.9052,116.40789,0
54,3000,75,0,0,0,39.9052,116.4074,5
54.1,3002.353772871835,75.20047160897941,3.5306593077530226,4.5,0.375,39.9052,116.40741,4.9845866686656395
54.2,3004.693033951207,75.39912924390086,7.0395509268103895,9,0.75,39.9052,116.40742,4.938441702975689
54.3,3007.003360915677,75.59417011445964,10.505041373515743,13.5,1.125,39.9052,116.40742999999999,4.861849601988383
54.4,3009.2705098312485,75.78381372890605,13.905764746872633,18,1.5,39.9052,116.40744,4.755282581475767
54.5,3011.480502970953,75.9663128713691,17.22075445642904,22.5,1.875,39.9052,116.40745,4.619397662556434
54.6,3013.6197149921863,76.13996437402331,20.429572488279604,27,2.25,39.9052,116.40746,4.455032620941839
54.7,3015.6749569414783,76.3031196176848,23.512435412217695,31.499999999999996,2.625,39.9052,116.40746999999999,4.263200821770462
54.8,3017.633557568774,76.45419469609678,26.45033635316129,36,3,39.9052,116.40747999999999,4.045084971874737
54.9,3019.4834414499055,76.5916801812382,29.225162174858266,40.5,3.375,39.9052,116.40749,3.8020298280001548
55,3021.2132034355964,76.71415042944955,31.81980515339464,45,3.75,39.9052,116.4075,3.5355339059327378
55.1,3022.812178968001,76.82027237100012,34.218268452001396,49.50000000000001,4.125,39.9052,116.40751,3.2472402416509176
55.2,3024.2705098312485,76.90881372890605,36.405764746872634,54,4.5,39.9052,116.40751999999999,2.938926261462366
55.3,3025.579204930623,76.97865061632785,38.36880739593415,58.5,4.875,39.9052,116.40753,2.6124928235797444
55.4,3026.730195725651,77.02877446570638,40.09529358847655,62.99999999999999,5.25,39.9052,116.40754,2.269952498697734
55.5,3027.7163859753387,77.05829824691732,41.5745789630079,67.5,5.625,39.9052,116.40755,1.9134171618254492
55.6,3028.5316954888544,77.06646193610683,42.79754323328191,72,6,39.9052,116.40755999999999,1.5450849718747373
55.7,3029.1710976119302,77.0526372014913,43.756646417895446,76.5,6.375,39.9052,116.40756999999999,1.1672268192795274
55.8,3029.630650217854,77.01633127723177,44.4459753267812,81,6.75,39.9052,116.40758,0.7821723252011547
55.9,3029.9075200119937,76.95719000149923,44.86128001799076,85.5,7.125,39.9052,116.40759,0.392295478639225
56,3030,76.875,45,90,7.5,39.9052,116.4076,0.0000000000000003061616997868383
56.1,3029.9075200119937,76.76969000149924,44.86128001799076,94.5,7.875,39.9052,116.40760999999999,-0.39229547863922437
56.2,3029.630650217854,76.64133127723177,44.445975326781195,99.00000000000001,8.25,39.9052,116.40762,-0.7821723252011552
56.3,3029.1710976119302,76.4901372014913,43.75664641789545,103.49999999999999,8.625,39.9052,116.40763,-1.1672268192795257
56.4,3028.5316954888544,76.31646193610683,42.797543233281914,108,9,39.9052,116.40764,-1.5450849718747368
56.5,3027.7163859753387,76.12079824691733,41.5745789630079,112.5,9.375,39.9052,116.40764999999999,-1.9134171618254485
56.6,3026.730195725651,75.90377446570639,40.09529358847656,117,9.75,39.9052,116.40765999999999,-2.2699524986977337
56.7,3025.579204930623,75.66615061632784,38.368807395934155,121.50000000000001,10.125,39.9052,116.40767,-2.612492823579744
56.8,3024.2705098312485,75.40881372890605,36.405764746872634,125.99999999999999,10.5,39.9052,116.40768,-2.938926261462365
56.9,3022.812178968001,75.13277237100013,34.21826845200139,130.5,10.875,39.9052,116.40769,-3.2472402416509176
57,3021.2132034355964,74.83915042944956,31.81980515339464,135,11.25,39.9052,116.40769999999999,-3.5355339059327373
57.1,3019.4834414499055,74.52918018123819,29.22516217485827,139.5,11.625,39.9052,116.40771,-3.8020298280001548
57.2,3017.633557568774,74.20419469609678,26.450336353161298,144,12,39.9052,116.40772,-4.045084971874736
57.3,3015.6749569414783,73.86561961768481,23.5124354122177,148.5,12.375,39.9052,116.40773,-4.263200821770461
57.4,3013.6197149921863,73.51496437402331,20.429572488279607,153,12.75,39.9052,116.40773999999999,-4.455032620941839
57.5,3011.480502970953,73.15381287136908,17.220754456429045,157.5,13.125,39.9052,116.40775,-4.619397662556434
57.6,3009.2705098312485,72.78381372890604,13.905764746872638,162,13.5,39.9052,116.40776,-4.755282581475767
57.7,3007.003360915677,72.40667011445964,10.505041373515748,166.5,13.875,39.9052,116.40777,-4.861849601988383
57.8,3004.693033951207,72.02412924390087,7.039550926810394,171,14.25,39.9052,116.40778,-4.938441702975688
57.9,3002.353772871835,71.63797160897943,3.530659307753028,175.5,14.625,39.9052,116.40778999999999,-4.9845866686656395
58,3000,71.25,0.0000000000000055109105961630896,180,15,39.9052,116.4078,-5
58.1,2997.646227128165,70.86202839102057,-3.530659307752997,184.49999999999997,15.374999999999998,39.9052,116.40781,-4.98458666866564
58.2,2995.306966048793,70.47587075609913,-7.039550926810383,189,15.75,39.9052,116.40782,-4.938441702975689
58.3,2992.996639084323,70.09332988554036,-10.505041373515738,193.5,16.125,39.9052,116.40782999999999,-4.861849601988383
58.4,2990.7294901687515,69.71618627109393,-13.905764746872649,198.00000000000003,16.5,39.9052,116.40784,-4.755282581475767
58.5,2988.519497029047,69.34618712863092,-17.220754456429034,202.5,16.875,39.9052,116.40785,-4.619397662556434
58.6,2986.3802850078137,68.98503562597669,-20.429572488279582,206.99999999999997,17.25,39.9052,116.40786,-4.45503262094184
58.7,2984.3250430585217,68.63438038231519,-23.51243541221769,211.5,17.625,39.9052,116.40787,-4.263200821770462
58.8,2982.366442431226,68.29580530390322,-26.450336353161287,216,18,39.9052,116.40787999999999,-4.045084971874737
58.9,2980.5165585500945,67.97081981876181,-29.225162174858276,220.50000000000003,18.375,39.9052,116.40789,-3.8020298280001534
59,2978.7867965644036,67.66084957055044,-31.819805153394636,225,18.75,39.9052,116.4079,-3.5355339059327386
59.1,2977.187821031999,67.36722762899988,-34.218268452001375,229.49999999999997,19.125,39.9052,116.40791,-3.2472402416509203
59.2,2975.7294901687515,67.09118627109395,-36.40576474687263,234,19.5,39.9052,116.40791999999999,-2.9389262614623664
59.3,2974.420795069377,66.83384938367215,-38.368807395934134,238.5,19.875,39.9052,116.40793,-2.6124928235797467
59.4,2973.269804274349,66.59622553429362,-40.09529358847655,243.00000000000003,20.25,39.9052,116.40794,-2.2699524986977346
59.5,2972.2836140246613,66.37920175308268,-41.574578963007895,247.5,20.625,39.9052,116.40795,-1.9134171618254516
59.6,2971.4683045111456,66.18353806389318,-42.79754323328191,251.99999999999997,21,39.9052,116.40795999999999,-1.5450849718747377
59.7,2970.8289023880698,66.0098627985087,-43.75664641789545,256.5,21.375,39.9052,116.40796999999999,-1.1672268192795257
59.8,2970.369349782146,65.85866872276823,-44.445975326781195,261,21.75,39.9052,116.40798,-0.7821723252011552
59.9,2970.0924799880063,65.73030999850077,-44.86128001799076,265.5,22.125,39.9052,116.40799,-0.3922954786392234
60,2970,65.625,-45,270,22.5,39.9052,116.408,-0.0000000000000009184850993605148
60.1,2970.0924799880063,65.54280999850077,-44.861280017990765,274.5,22.875,39.9052,116.40800999999999,0.3922954786392216
60.2,2970.369349782146,65.48366872276823,-44.4459753267812,279,23.25,39.9052,116.40802,0.7821723252011534
60.3,2970.8289023880698,65.4473627985087,-43.75664641789545,283.5,23.625,39.9052,116.40803,1.1672268192795239
60.4,2971.4683045111456,65.43353806389317,-42.797543233281914,288,24,39.9052,116.40804,1.5450849718747361
60.5,2972.2836140246613,65.44170175308267,-41.5745789630079,292.5,24.375,39.9052,116.40804999999999,1.91341716182545
60.6,2973.269804274349,65.47122553429361,-40.09529358847656,297,24.75,39.9052,116.40805999999999,2.2699524986977333
60.7,2974.420795069377,65.52134938367216,-38.36880739593414,301.5,25.125,39.9052,116.40807,2.6124928235797453
60.8,2975.7294901687515,65.59118627109395,-36.40576474687264,306,25.5,39.9052,116.40808,2.9389262614623646
60.9,2977.187821031999,65.67972762899988,-34.21826845200139,310.5,25.875,39.9052,116.40809,3.2472402416509194
61,2978.7867965644036,65.78584957055044,-31.819805153394647,315,26.25,39.9052,116.40809999999999,3.535533905932737
61.1,2980.5165585500945,65.90831981876181,-29.225162174858283,319.5,26.625,39.9052,116.40811,3.8020298280001525
61.2,2982.366442431226,66.04580530390322,-26.4503363531613,324,27,39.9052,116.40812,4.045084971874736
61.3,2984.3250430585217,66.19688038231519,-23.512435412217727,328.5,27.375,39.9052,116.40813,4.263200821770459
61.4,2986.3802850078137,66.36003562597669,-20.429572488279614,333,27.75,39.9052,116.40813999999999,4.455032620941839
61.5,2988.519497029047,66.53368712863092,-17.220754456429066,337.5,28.125,39.9052,116.40814999999999,4.619397662556432
61.6,2990.7294901687515,66.71618627109395,-13.905764746872645,342,28.5,39.9052,116.40816,4.755282581475767
61.7,2992.996639084323,66.90582988554036,-10.505041373515734,346.5,28.875,39.9052,116.40817,4.861849601988383
61.8,2995.306966048793,67.10087075609913,-7.039550926810399,351,29.25,39.9052,116.40818,4.938441702975688
61.9,2997.646227128165,67.29952839102057,-3.5306593077530137,355.5,29.625,39.9052,116.40818999999999,4.9845866686656395
62,3000,70,0,0,0,39.9052,116.4074,0
62.1,3000,70,0,0,0,39.9052,116.40741,0
62.2,3000,70,0,0,0,39.9052,116.40742,0
62.3,3000,70,0,0,0,39.9052,116.40742999999999,0
62.4,3000,70,0,0,0,39.9052,116.40744,0
62.5,3000,70,0,0,0,39.9052,116.40745,0
62.6,3000,70,0,0,0,39.9052,116.40746,0
62.7,3000,70,0,0,0,39.9052,116.40746999999999,0
62.8,3000,70,0,0,0,39.9052,116.40747999999999,0
62.9,3000,70,0,0,0,39.9052,116.40749,0
63,3000,70,0,0,0,39.9052,116.4075,0
63.1,3000,70,0,0,0,39.9052,116.40751,0
63.2,3000,70,0,0,0,39.9052,116.40751999999999,0
63.3,3000,70,0,0,0,39.9052,116.40753,0
63.4,3000,70,0,0,0,39.9052,116.40754,0
63.5,3000,70,0,0,0,39.9052,116.40755,0
63.6,3000,70,0,0,0,39.9052,116.40755999999999,0
63.7,3000,70,0,0,0,39.9052,116.40756999999999,0
63.8,3000,70,0,0,0,39.9052,116.40758,0
63.9,3000,70,0,0,0,39.9052,116.40759,0
64,3000,70,0,0,0,39.9052,116.4076,0
64.1,3000,70,0,0,0,39.9052,116.40760999999999,0
64.2,3000,70,0,0,0,39.9052,116.40762,0
64.3,3000,70,0,0,0,39.9052,116.40763,0
64.4,3000,70,0,0,0,39.9052,116.40764,0
64.5,3000,70,0,0,0,39.9052,116.40764999999999,0
64.6,3000,70,0,0,0,39.9052,116.40765999999999,0
64.7,3000,70,0,0,0,39.9052,116.40767,0
64.8,3000,70,0,0,0,39.9052,116.40768,0
64.9,3000,70,0,0,0,39.9052,116.40769,0
65,3000,70,0,0,0,39.9052,116.40769999999999,0
65.1,3000,70,0,0,0,39.9052,116.40771,0
65.2,3000,70,0,0,0,39.9052,116.40772,0
65.3,3000,70,0,0,0,39.9052,116.40773,0
65.4,3000,70,0,0,0,39.9052,116.40773999999999,0
65.5,3000,70,0,0,0,39.9052,116.40775,0
65.6,3000,70,0,0,0,39.9052,116.40776,0
65.7,3000,70,0,0,0,39.9052,116.40777,0
65.8,3000,70,0,0,0,39.9052,116.40778,0
65.9,3000,70,0,0,0,39.9052,116.40778999999999,0
66,3000,70,0,0,0,39.9052,116.4078,0
66.1,3000,70,0,0,0,39.9052,116.40781,0
66.2,3000,70,0,0,0,39.9052,116.40782,0
66.3,3000,70,0,0,0,39.9052,116.40782999999999,0
66.4,3000,70,0,0,0,39.9052,116.40784,0
66.5,3000,70,0,0,0,39.9052,116.40785,0
66.6,3000,70,0,0,0,39.9052,116.40786,0
66.7,3000,70,0,0,0,39.9052,116.40787,0
66.8,3000,70,0,0,0,39.9052,116.40787999999999,0
66.9,3000,70,0,0,0,39.9052,116.40789,0
67,3000,70,0,0,0,39.9052,116.4074,15
67.1,3012.5,70,7.500000000000001,15.000000000000002,0,39.9052,116.40741,13.75
67.2,3025,70,15.000000000000002,30.000000000000004,0,39.9052,116.40742,12.499999999999998
67.3,3037.5,70,22.5,45,0,39.9052,116.40742999999999,11.25
67.4,3050,70,30.000000000000004,60.00000000000001,0,39.9052,116.40744,10
67.5,3062.5,70,37.5,75,0,39.9052,116.40745,8.749999999999998
67.6,3075,70,45,90,0,39.9052,116.40746,7.5
67.7,3087.5,70,52.5,105,0,39.9052,116.40746999999999,6.249999999999999
67.8,3100,70,60.00000000000001,120.00000000000001,0,39.9052,116.40747999999999,4.999999999999999
67.9,3112.5,70,67.5,135,0,39.9052,116.40749,3.75
68,3125,70,75,150,0,39.9052,116.4075,2.4999999999999996
68.1,3137.5,70,82.5,165,0,39.9052,116.40751,1.249999999999999
68.2,3150,70,90,180,0,39.9052,116.40751999999999,-20
68.3,3133.3333333333335,70,56.24999999999997,180,0,39.9052,116.40753,-20
68.4,3116.6666666666665,70,22.500000000000014,180,0,39.9052,116.40754,-20
68.5,3100,70,-11.250000000000014,180,0,39.9052,116.40755,-20
68.6,3083.3333333333335,70,-45.00000000000003,180,0,39.9052,116.40755999999999,-20
68.7,3066.6666666666665,70,-78.75,180,0,39.9052,116.40756999999999,-20
68.8,3050,70,-112.50000000000003,180,0,39.9052,116.40758,-20
68.9,3033.3333333333335,70,-146.24999999999997,180,0,39.9052,116.40759,-20
69,3016.6666666666665,70,-180,180,0,39.9052,116.4076,-20
69.1,3000,70,-171,180,0,39.9052,116.40760999999999,-20
69.2,2983.3333333333335,70,-162,180,0,39.9052,116.40762,-20
69.3,2966.6666666666665,70,-153,180,0,39.9052,116.40763,-20
69.4,2950,70,-144,180,0,39.9052,116.40764,0
69.5,2953.125,70,-135,180,0,39.9052,116.40764999999999,0.5000000000000004
69.6,2956.25,70,-126,180,0,39.9052,116.40765999999999,1.0000000000000009
69.7,2959.375,70,-116.99999999999999,180,0,39.9052,116.40767,1.5000000000000013
69.8,2962.5,70,-108.00000000000001,180,0,39.9052,116.40768,1.9999999999999996
69.9,2965.625,70,-99.00000000000001,180,0,39.9052,116.40769,2.5
70,2968.75,70,-90,180,0,39.9052,116.40769999999999,3.0000000000000004
70.1,2971.875,70,-80.99999999999999,180,0,39.9052,116.40771,3.500000000000001
70.2,2975,70,-71.99999999999999,180,0,39.9052,116.40772,4.000000000000001
70.3,2978.125,70,-63.000000000000014,180,0,39.9052,116.40773,4.499999999999999
70.4,2981.25,70,-54.000000000000014,180,0,39.9052,116.40773999999999,5
70.5,2984.375,70,-45,180,0,39.9052,116.40775,5.5
70.6,2987.5,70,-36,180,0,39.9052,116.40776,6.000000000000001
70.7,2990.625,70,-26.99999999999997,180,0,39.9052,116.40777,6.500000000000001
70.8,2993.75,70,-18.00000000000003,180,0,39.9052,116.40778,6.999999999999999
70.9,2996.875,70,-9,180,0,39.9052,116.40778999999999,7.5
71,2950,70,0,0,0,39.9052,116.4074,0
71.1,2950,70,0,0,0,39.9052,116.40741,0
71.2,2950,70,0,0,0,39.9052,116.40742,0
71.3,2950,70,0,0,0,39.9052,116.40742999999999,0
71.4,2950,70,0,0,0,39.9052,116.40744,0
71.5,2950,70,0,0,0,39.9052,116.40745,0
71.6,2950,70,0,0,0,39.9052,116.40746,0
71.7,2950,70,0,0,0,39.9052,116.40746999999999,0
71.8,2950,70,0,0,0,39.9052,116.40747999999999,0
71.9,2950,70,0,0,0,39.9052,116.40749,0
72,2950,70,0,0,0,39.9052,116.4075,0
72.1,2950,70,0,0,0,39.9052,116.40751,0
72.2,2950,70,0,0,0,39.9052,116.40751999999999,0
72.3,2950,70,0,0,0,39.9052,116.40753,0
72.4,2950,70,0,0,0,39.9052,116.40754,0
72.5,2950,70,0,0,0,39.9052,116.40755,0
72.6,2950,70,0,0,0,39.9052,116.40755999999999,0
72.7,2950,70,0,0,0,39.9052,116.40756999999999,0
72.8,2950,70,0,0,0,39.9052,116.40758,0
72.9,2950,70,0,0,0,39.9052,116.40759,0
73,2950,70,0,0,0,39.9052,116.4076,0
73.1,2950,70,0,0,0,39.9052,116.40760999999999,0
73.2,2950,70,0,0,0,39.9052,116.40762,0
73.3,2950,70,0,0,0,39.9052,116.40763,0
73.4,2950,70,0,0,0,39.9052,116.40764,0
73.5,2950,70,0,0,0,39.9052,116.40764999999999,0
73.6,2950,70,0,0,0,39.9052,116.40765999999999,0
73.7,2950,70,0,0,0,39.9052,116.40767,0
73.8,2950,70,0,0,0,39.9052,116.40768,0
73.9,2950,70,0,0,0,39.9052,116.40769,0
74,2950,70,0,0,0,39.9052,116.40769999999999,0
74.1,2950,70,0,0,0,39.9052,116.40771,0
74.2,2950,70,0,0,0,39.9052,116.40772,0
74.3,2950,70,0,0,0,39.9052,116.40773,0
74.4,2950,70,0,0,0,39.9052,116.40773999999999,0
74.5,2950,70,0,0,0,39.9052,116.40775,0
74.6,2950,70,0,0,0,39.9052,116.40776,0
74.7,2950,70,0,0,0,39.9052,116.40777,0
74.8,2950,70,0,0,0,39.9052,116.40778,0
74.9,2950,70,0,0,0,39.9052,116.40778999999999,0
75,2950,70,0,0,0,39.9052,116.4078,0
75.1,2950,70,0,0,0,39.9052,116.40781,0
75.2,2950,70,0,0,0,39.9052,116.40782,0
75.3,2950,70,0,0,0,39.9052,116.40782999999999,0
75.4,2950,70,0,0,0,39.9052,116.40784,0
75.5,2950,70,0,0,0,39.9052,116.40785,0
75.6,2950,70,0,0,0,39.9052,116.40786,0
75.7,2950,70,0,0,0,39.9052,116.40787,0
75.8,2950,70,0,0,0,39.9052,116.40787999999999,0
75.9,2950,70,0,0,0,39.9052,116.40789,0
76,2950,65,-10,0,0,39.9052,116.4074,-8
76.1,2940.25,65.05,-9.975000000000001,0,0,39.9052,116.40741,-7.988
76.2,2930.5,65.1,-9.95,0,0,39.9052,116.40742,-7.976
76.3,2920.75,65.15,-9.925,0,0,39.9052,116.40742999999999,-7.964
76.4,2911,65.2,-9.9,0,0,39.9052,116.40744,-7.952
76.5,2901.25,65.25,-9.875,0,0,39.9052,116.40745,-7.94
76.6,2891.5,65.3,-9.85,0,0,39.9052,116.40746,-7.928
76.7,2881.75,65.35,-9.825000000000001,0,0,39.9052,116.40746999999999,-7.916
76.8,2872,65.4,-9.8,0,0,39.9052,116.40747999999999,-7.904
76.9,2862.25,65.45,-9.775,0,0,39.9052,116.40749,-7.892
77,2852.5,65.5,-9.75,0,0,39.9052,116.4075,-7.88
77.1,2842.75,65.55,-9.725,0,0,39.9052,116.40751,-7.868
77.2,2833,65.6,-9.7,0,0,39.9052,116.40751999999999,-7.856
77.3,2823.25,65.65,-9.675,0,0,39.9052,116.40753,-7.844
77.4,2813.5,65.7,-9.65,0,0,39.9052,116.40754,-7.832
77.5,2803.75,65.75,-9.625,0,0,39.9052,116.40755,-7.82
77.6,2794,65.8,-9.6,0,0,39.9052,116.40755999999999,-7.808
77.7,2784.25,65.85,-9.575,0,0,39.9052,116.40756999999999,-7.796
77.8,2774.5,65.9,-9.549999999999999,0,0,39.9052,116.40758,-7.784
77.9,2764.75,65.95,-9.525,0,0,39.9052,116.40759,-7.772
78,2755,66,-9.5,0,0,39.9052,116.4076,-7.76
78.1,2745.25,66.05,-9.475,0,0,39.9052,116.40760999999999,-7.748
78.2,2735.5,66.1,-9.45,0,0,39.9052,116.40762,-7.736
78.3,2725.75,66.15,-9.425,0,0,39.9052,116.40763,-7.724
78.4,2716,66.2,-9.399999999999999,0,0,39.9052,116.40764,-7.712
78.5,2706.25,66.25,-9.375,0,0,39.9052,116.40764999999999,-7.7
78.6,2696.5,66.3,-9.350000000000001,0,0,39.9052,116.40765999999999,-7.688
78.7,2686.75,66.35,-9.325,0,0,39.9052,116.40767,-7.676
78.8,2677,66.4,-9.3,0,0,39.9052,116.40768,-7.664
78.9,2667.25,66.45,-9.275,0,0,39.9052,116.40769,-7.652
79,2657.5,66.5,-9.25,0,0,39.9052,116.40769999999999,-7.64
79.1,2647.75,66.55,-9.225,0,0,39.9052,116.40771,-7.628
79.2,2638,66.6,-9.200000000000001,0,0,39.9052,116.40772,-7.616
79.3,2628.25,66.65,-9.175,0,0,39.9052,116.40773,-7.604
79.4,2618.5,66.7,-9.15,0,0,39.9052,116.40773999999999,-7.592
79.5,2608.75,66.75,-9.125,0,0,39.9052,116.40775,-7.58
79.6,2599,66.8,-9.1,0,0,39.9052,116.40776,-7.568
79.7,2589.25,66.85,-9.075,0,0,39.9052,116.40777,-7.556
79.8,2579.5,66.9,-9.05,0,0,39.9052,116.40778,-7.5440000000000005
79.9,2569.75,66.95,-9.025,0,0,39.9052,116.40778999999999,-7.532
80,2560,67,-9,0,0,39.9052,116.4078,-7.52
80.1,2550.25,67.05,-8.975,0,0,39.9052,116.40781,-7.508
80.2,2540.5,67.1,-8.95,0,0,39.9052,116.40782,-7.496
80.3,2530.75,67.15,-8.924999999999999,0,0,39.9052,116.40782999999999,-7.484
80.4,2521,67.2,-8.9,0,0,39.9052,116.40784,-7.4719999999999995
80.5,2511.25,67.25,-8.875,0,0,39.9052,116.40785,-7.46
80.6,2501.5,67.3,-8.85,0,0,39.9052,116.40786,-7.448
80.7,2491.75,67.35,-8.825,0,0,39.9052,116.40787,-7.436
80.8,2482,67.4,-8.8,0,0,39.9052,116.40787999999999,-7.424
80.9,2472.25,67.45,-8.774999999999999,0,0,39.9052,116.40789,-7.412
81,2462.5,67.5,-8.75,0,0,39.9052,116.4079,-7.4
81.1,2452.75,67.55,-8.725000000000001,0,0,39.9052,116.40791,-7.388
81.2,2443,67.6,-8.7,0,0,39.9052,116.40791999999999,-7.376
81.3,2433.25,67.65,-8.674999999999999,0,0,39.9052,116.40793,-7.364
81.4,2423.5,67.7,-8.65,0,0,39.9052,116.40794,-7.352
81.5,2413.75,67.75,-8.625,0,0,39.9052,116.40795,-7.34
81.6,2404,67.8,-8.6,0,0,39.9052,116.40795999999999,-7.328
81.7,2394.25,67.85,-8.575,0,0,39.9052,116.40796999999999,-7.316
81.8,2384.5,67.9,-8.55,0,0,39.9052,116.40798,-7.304
81.9,2374.75,67.95,-8.525,0,0,39.9052,116.40799,-7.292
82,2365,68,-8.5,0,0,39.9052,116.408,-7.28
82.1,2355.25,68.05,-8.475,0,0,39.9052,116.40800999999999,-7.268
82.2,2345.5,68.1,-8.45,0,0,39.9052,116.40802,-7.256
82.3,2335.75,68.15,-8.425,0,0,39.9052,116.40803,-7.244
82.4,2326,68.2,-8.4,0,0,39.9052,116.40804,-7.232
82.5,2316.25,68.25,-8.375,0,0,39.9052,116.40804999999999,-7.22
82.6,2306.5,68.3,-8.35,0,0,39.9052,116.40805999999999,-7.208
82.7,2296.75,68.35,-8.325,0,0,39.9052,116.40807,-7.196
82.8,2287,68.4,-8.3,0,0,39.9052,116.40808,-7.184
82.9,2277.25,68.45,-8.275,0,0,39.9052,116.40809,-7.172
83,2267.5,68.5,-8.25,0,0,39.9052,116.40809999999999,-7.16
83.1,2257.75,68.55,-8.225,0,0,39.9052,116.40811,-7.148
83.2,2248,68.6,-8.200000000000001,0,0,39.9052,116.40812,-7.136
83.3,2238.25,68.65,-8.175,0,0,39.9052,116.40813,-7.124
83.4,2228.5,68.7,-8.149999999999999,0,0,39.9052,116.40813999999999,-7.112
83.5,2218.75,68.75,-8.125,0,0,39.9052,116.40814999999999,-7.1
83.6,2209,68.8,-8.100000000000001,0,0,39.9052,116.40816,-7.088
83.7,2199.25,68.85,-8.075,0,0,39.9052,116.40817,-7.0760000000000005
83.8,2189.5,68.9,-8.049999999999999,0,0,39.9052,116.40818,-7.064
83.9,2179.75,68.95,-8.025,0,0,39.9052,116.40818999999999,-7.052
84,2170,69,-8,0,0,39.9052,116.4082,-7.04
84.1,2160.25,69.05,-7.975,0,0,39.9052,116.40821,-7.0280000000000005
84.2,2150.5,69.1,-7.95,0,0,39.9052,116.40822,-7.016
84.3,2140.75,69.15,-7.925,0,0,39.9052,116.40822999999999,-7.004
84.4,2131,69.2,-7.9,0,0,39.9052,116.40823999999999,-6.992
84.5,2121.25,69.25,-7.875,0,0,39.9052,116.40825,-6.98
84.6,2111.5,69.3,-7.8500000000000005,0,0,39.9052,116.40826,-6.968
84.7,2101.75,69.35,-7.824999999999999,0,0,39.9052,116.40827,-6.956
84.8,2092,69.4,-7.800000000000001,0,0,39.9052,116.40827999999999,-6.944
84.9,2082.25,69.45,-7.7749999999999995,0,0,39.9052,116.40829,-6.932
85,2072.5,69.5,-7.75,0,0,39.9052,116.4083,-6.92
85.1,2062.75,69.55,-7.725,0,0,39.9052,116.40831,-6.908
85.2,2053,69.6,-7.7,0,0,39.9052,116.40831999999999,-6.896
85.3,2043.25,69.65,-7.675,0,0,39.9052,116.40832999999999,-6.884
85.4,2033.5,69.7,-7.65,0,0,39.9052,116.40834,-6.872
85.5,2023.75,69.75,-7.625,0,0,39.9052,116.40835,-6.86
85.6,2014,69.8,-7.6,0,0,39.9052,116.40836,-6.848
85.7,2004.25,69.85,-7.575000000000001,0,0,39.9052,116.40836999999999,-6.836
85.8,1994.5,69.9,-7.55,0,0,39.9052,116.40838,-6.824
85.9,1984.75,69.95,-7.5249999999999995,0,0,39.9052,116.40839,-6.812
86,1975,70,-7.5,0,0,39.9052,116.4084,-6.8
86.1,1965.25,70.05,-7.4750000000000005,0,0,39.9052,116.40840999999999,-6.788
86.2,1955.5,70.1,-7.45,0,0,39.9052,116.40841999999999,-6.776
86.3,1945.75,70.15,-7.424999999999999,0,0,39.9052,116.40843,-6.764
86.4,1936,70.2,-7.4,0,0,39.9052,116.40844,-6.752
86.5,1926.25,70.25,-7.375,0,0,39.9052,116.40845,-6.74
86.6,1916.5,70.3,-7.35,0,0,39.9052,116.40845999999999,-6.728
86.7,1906.7500000000002,70.35,-7.325,0,0,39.9052,116.40847,-6.716
86.8,1897,70.4,-7.3,0,0,39.9052,116.40848,-6.704
86.9,1887.25,70.45,-7.275,0,0,39.9052,116.40849,-6.692
87,1877.5,70.5,-7.25,0,0,39.9052,116.40849999999999,-6.68
87.1,1867.7500000000002,70.55,-7.2250000000000005,0,0,39.9052,116.40850999999999,-6.668
87.2,1858,70.6,-7.199999999999999,0,0,39.9052,116.40852,-6.656000000000001
87.3,1848.25,70.65,-7.175000000000001,0,0,39.9052,116.40853,-6.644
87.4,1838.4999999999998,70.7,-7.1499999999999995,0,0,39.9052,116.40854,-6.632
87.5,1828.75,70.75,-7.125,0,0,39.9052,116.40854999999999,-6.62
87.6,1819,70.8,-7.1,0,0,39.9052,116.40856,-6.6080000000000005
87.7,1809.25,70.85,-7.075,0,0,39.9052,116.40857,-6.596
87.8,1799.4999999999998,70.9,-7.05,0,0,39.9052,116.40858,-6.584
87.9,1789.75,70.95,-7.025,0,0,39.9052,116.40858999999999,-6.572
88,1780,71,-7,0,0,39.9052,116.40859999999999,-6.5600000000000005
88.1,1770.25,71.05,-6.975,0,0,39.9052,116.40861,-6.548
88.2,1760.5,71.1,-6.950000000000001,0,0,39.9052,116.40862,-6.536
88.3,1750.75,71.15,-6.925,0,0,39.9052,116.40863,-6.524
88.4,1741,71.2,-6.8999999999999995,0,0,39.9052,116.40863999999999,-6.5120000000000005
88.5,1731.25,71.25,-6.875,0,0,39.9052,116.40865,-6.5
88.6,1721.5,71.3,-6.8500000000000005,0,0,39.9052,116.40866,-6.4879999999999995
88.7,1711.75,71.35,-6.825,0,0,39.9052,116.40867,-6.476
88.8,1702,71.4,-6.799999999999999,0,0,39.9052,116.40867999999999,-6.464
88.9,1692.25,71.45,-6.775,0,0,39.9052,116.40868999999999,-6.452
89,1682.5,71.5,-6.75,0,0,39.9052,116.4087,-6.4399999999999995
89.1,1672.75,71.55,-6.725,0,0,39.9052,116.40871,-6.428
89.2,1663.0000000000002,71.6,-6.7,0,0,39.9052,116.40872,-6.416
89.3,1653.25,71.65,-6.675,0,0,39.9052,116.40872999999999,-6.404
89.4,1643.5,71.7,-6.65,0,0,39.9052,116.40874,-6.3919999999999995
89.5,1633.75,71.75,-6.625,0,0,39.9052,116.40875,-6.38
89.6,1624.0000000000002,71.8,-6.6000000000000005,0,0,39.9052,116.40876,-6.368
89.7,1614.25,71.85,-6.574999999999999,0,0,39.9052,116.40876999999999,-6.356
89.8,1604.5,71.9,-6.550000000000001,0,0,39.9052,116.40878,-6.343999999999999
89.9,1594.7499999999998,71.95,-6.5249999999999995,0,0,39.9052,116.40879,-6.332
90,1585,72,-6.5,0,0,39.9052,116.4088,-6.32
90.1,1575.25,72.05,-6.475,0,0,39.9052,116.40881,-6.308
90.2,1565.5,72.1,-6.45,0,0,39.9052,116.40881999999999,-6.296
90.3,1555.7499999999998,72.15,-6.425,0,0,39.9052,116.40883,-6.284
90.4,1546,72.2,-6.4,0,0,39.9052,116.40884,-6.272
90.5,1536.25,72.25,-6.375,0,0,39.9052,116.40885,-6.26
90.6,1526.5,72.3,-6.35,0,0,39.9052,116.40885999999999,-6.248
90.7,1516.75,72.35,-6.325000000000001,0,0,39.9052,116.40887,-6.236
90.8,1507,72.4,-6.3,0,0,39.9052,116.40888,-6.224
90.9,1497.25,72.45,-6.2749999999999995,0,0,39.9052,116.40889,-6.212
91,1487.5,72.5,-6.25,0,0,39.9052,116.40889999999999,-6.2
91.1,1477.75,72.55,-6.2250000000000005,0,0,39.9052,116.40890999999999,-6.188000000000001
91.2,1468,72.6,-6.2,0,0,39.9052,116.40892,-6.176
91.3,1458.25,72.65,-6.174999999999999,0,0,39.9052,116.40893,-6.164
91.4,1448.5,72.7,-6.15,0,0,39.9052,116.40894,-6.152
91.5,1438.75,72.75,-6.125,0,0,39.9052,116.40894999999999,-6.140000000000001
91.6,1429,72.8,-6.1,0,0,39.9052,116.40896,-6.128
91.7,1419.2500000000002,72.85,-6.075,0,0,39.9052,116.40897,-6.1160000000000005
91.8,1409.5,72.9,-6.05,0,0,39.9052,116.40898,-6.104
91.9,1399.75,72.95,-6.025,0,0,39.9052,116.40898999999999,-6.0920000000000005
92,1390,73,-6,0,0,39.9052,116.40899999999999,-6.08
92.1,1380.25,73.05,-5.975,0,0,39.9052,116.40901,-6.068
92.2,1370.5,73.1,-5.949999999999999,0,0,39.9052,116.40902,-6.056
92.3,1360.75,73.15,-5.925000000000001,0,0,39.9052,116.40903,-6.0440000000000005
92.4,1351,73.2,-5.9,0,0,39.9052,116.40903999999999,-6.032
92.5,1341.25,73.25,-5.875,0,0,39.9052,116.40905,-6.0200000000000005
92.6,1331.4999999999998,73.3,-5.85,0,0,39.9052,116.40906,-6.008
92.7,1321.75,73.35,-5.825,0,0,39.9052,116.40907,-5.996
92.8,1311.9999999999998,73.4,-5.8,0,0,39.9052,116.40907999999999,-5.984
92.9,1302.25,73.45,-5.775,0,0,39.9052,116.40908999999999,-5.9719999999999995
93,1292.5,73.5,-5.75,0,0,39.9052,116.4091,-5.96
93.1,1282.7499999999998,73.55,-5.725,0,0,39.9052,116.40911,-5.948
93.2,1273,73.6,-5.700000000000001,0,0,39.9052,116.40912,-5.936
93.3,1263.25,73.65,-5.675,0,0,39.9052,116.40912999999999,-5.9239999999999995
93.4,1253.5000000000002,73.7,-5.65,0,0,39.9052,116.40914,-5.912000000000001
93.5,1243.75,73.75,-5.625,0,0,39.9052,116.40915,-5.9
93.6,1233.9999999999998,73.8,-5.6,0,0,39.9052,116.40916,-5.888
93.7,1224.25,73.85,-5.575,0,0,39.9052,116.40916999999999,-5.8759999999999994
93.8,1214.5,73.9,-5.549999999999999,0,0,39.9052,116.40917999999999,-5.864
93.9,1204.7500000000002,73.95,-5.525,0,0,39.9052,116.40919,-5.852
94,1195,74,-5.5,0,0,39.9052,116.4092,-5.84
94.1,1185.25,74.05,-5.475,0,0,39.9052,116.40921,-5.827999999999999
94.2,1175.5000000000002,74.1,-5.45,0,0,39.9052,116.40921999999999,-5.816000000000001
94.3,1165.75,74.15,-5.425,0,0,39.9052,116.40923,-5.804
94.4,1156.0000000000002,74.2,-5.4,0,0,39.9052,116.40924,-5.792
94.5,1146.25,74.25,-5.375,0,0,39.9052,116.40925,-5.779999999999999
94.6,1136.5,74.3,-5.35,0,0,39.9052,116.40925999999999,-5.768
94.7,1126.75,74.35,-5.324999999999999,0,0,39.9052,116.40926999999999,-5.756
94.8,1117,74.4,-5.300000000000001,0,0,39.9052,116.40928,-5.744
94.9,1107.25,74.45,-5.275,0,0,39.9052,116.40929,-5.732
95,1097.5,74.5,-5.25,0,0,39.9052,116.4093,-5.720000000000001
95.1,1087.7499999999998,74.55,-5.225,0,0,39.9052,116.40930999999999,-5.708
95.2,1078,74.6,-5.2,0,0,39.9052,116.40932,-5.696
95.3,1068.2499999999998,74.65,-5.175,0,0,39.9052,116.40933,-5.683999999999999
95.4,1058.5,74.7,-5.15,0,0,39.9052,116.40934,-5.672000000000001
95.5,1048.75,74.75,-5.125,0,0,39.9052,116.40934999999999,-5.66
95.6,1038.9999999999998,74.8,-5.1,0,0,39.9052,116.40935999999999,-5.648
95.7,1029.25,74.85,-5.075000000000001,0,0,39.9052,116.40937,-5.636
95.8,1019.5,74.9,-5.05,0,0,39.9052,116.40938,-5.6240000000000006
95.9,1009.7500000000002,74.95,-5.025,0,0,39.9052,116.40939,-5.612
96,1000,50,0,0,0,39.9052,116.4074,0
96.1,1000,50,0,0,0,39.9052,116.40741,0
96.2,1000,50,0,0,0,39.9052,116.40742,0
96.3,1000,50,0,0,0,39.9052,116.40742999999999,0
96.4,1000,50,0,0,0,39.9052,116.40744,0
96.5,1000,50,0,0,0,39.9052,116.40745,0
96.6,1000,50,0,0,0,39.9052,116.40746,0
96.7,1000,50,0,0,0,39.9052,116.40746999999999,0
96.8,1000,50,0,0,0,39.9052,116.40747999999999,0
96.9,1000,50,0,0,0,39.9052,116.40749,0
97,1000,50,0,0,0,39.9052,116.4075,0
97.1,1000,50,0,0,0,39.9052,116.40751,0
97.2,1000,50,0,0,0,39.9052,116.40751999999999,0
97.3,1000,50,0,0,0,39.9052,116.40753,0
97.4,1000,50,0,0,0,39.9052,116.40754,0
97.5,1000,50,0,0,0,39.9052,116.40755,0
97.6,1000,50,0,0,0,39.9052,116.40755999999999,0
97.7,1000,50,0,0,0,39.9052,116.40756999999999,0
97.8,1000,50,0,0,0,39.9052,116.40758,0
97.9,1000,50,0,0,0,39.9052,116.40759,0
98,1000,50,0,0,0,39.9052,116.4076,0
98.1,1000,50,0,0,0,39.9052,116.40760999999999,0
98.2,1000,50,0,0,0,39.9052,116.40762,0
98.3,1000,50,0,0,0,39.9052,116.40763,0
98.4,1000,50,0,0,0,39.9052,116.40764,0
98.5,1000,50,0,0,0,39.9052,116.40764999999999,0
98.6,1000,50,0,0,0,39.9052,116.40765999999999,0
98.7,1000,50,0,0,0,39.9052,116.40767,0
98.8,1000,50,0,0,0,39.9052,116.40768,0
98.9,1000,50,0,0,0,39.9052,116.40769,0
99,1000,50,0,0,0,39.9052,116.40769999999999,0
99.1,1000,50,0,0,0,39.9052,116.40771,0
99.2,1000,50,0,0,0,39.9052,116.40772,0
99.3,1000,50,0,0,0,39.9052,116.40773,0
99.4,1000,50,0,0,0,39.9052,116.40773999999999,0
99.5,1000,50,0,0,0,39.9052,116.40775,0
99.6,1000,50,0,0,0,39.9052,116.40776,0
99.7,1000,50,0,0,0,39.9052,116.40777,0
99.8,1000,50,0,0,0,39.9052,116.40778,0
99.9,1000,50,0,0,0,39.9052,116.40778999999999,0
100,1000,50,0,0,0,39.9052,116.4078,0
100.1,1000,50,0,0,0,39.9052,116.40781,0
100.2,1000,50,0,0,0,39.9052,116.40782,0
100.3,1000,50,0,0,0,39.9052,116.40782999999999,0
100.4,1000,50,0,0,0,39.9052,116.40784,0
100.5,1000,50,0,0,0,39.9052,116.40785,0
100.6,1000,50,0,0,0,39.9052,116.40786,0
100.7,1000,50,0,0,0,39.9052,116.40787,0
100.8,1000,50,0,0,0,39.9052,116.40787999999999,0
100.9,1000,50,0,0,0,39.9052,116.40789,0
101,1000,50,0,0,0,39.9052,116.4079,0
101.1,1000,50,0,0,0,39.9052,116.40791,0
101.2,1000,50,0,0,0,39.9052,116.40791999999999,0
101.3,1000,50,0,0,0,39.9052,116.40793,0
101.4,1000,50,0,0,0,39.9052,116.40794,0
101.5,1000,50,0,0,0,39.9052,116.40795,0
101.6,1000,50,0,0,0,39.9052,116.40795999999999,0
101.7,1000,50,0,0,0,39.9052,116.40796999999999,0
101.8,1000,50,0,0,0,39.9052,116.40798,0
101.9,1000,50,0,0,0,39.9052,116.40799,0
102,1000,50,0,0,0,39.9052,116.408,0
102.1,1000,50,0,0,0,39.9052,116.40800999999999,0
102.2,1000,50,0,0,0,39.9052,116.40802,0
102.3,1000,50,0,0,0,39.9052,116.40803,0
102.4,1000,50,0,0,0,39.9052,116.40804,0
102.5,1000,50,0,0,0,39.9052,116.40804999999999,0
102.6,1000,50,0,0,0,39.9052,116.40805999999999,0
102.7,1000,50,0,0,0,39.9052,116.40807,0
102.8,1000,50,0,0,0,39.9052,116.40808,0
102.9,1000,50,0,0,0,39.9052,116.40809,0
103,1000,50,0,0,0,39.9052,116.40809999999999,0
103.1,1000,50,0,0,0,39.9052,116.40811,0
103.2,1000,50,0,0,0,39.9052,116.40812,0
103.3,1000,50,0,0,0,39.9052,116.40813,0
103.4,1000,50,0,0,0,39.9052,116.40813999999999,0
103.5,1000,50,0,0,0,39.9052,116.40814999999999,0
103.6,1000,50,0,0,0,39.9052,116.40816,0
103.7,1000,50,0,0,0,39.9052,116.40817,0
103.8,1000,50,0,0,0,39.9052,116.40818,0
103.9,1000,50,0,0,0,39.9052,116.40818999999999,0
104,1000,50,0,0,0,39.9052,116.4082,0
104.1,1000,50,0,0,0,39.9052,116.40821,0
104.2,1000,50,0,0,0,39.9052,116.40822,0
104.3,1000,50,0,0,0,39.9052,116.40822999999999,0
104.4,1000,50,0,0,0,39.9052,116.40823999999999,0
104.5,1000,50,0,0,0,39.9052,116.40825,0
104.6,1000,50,0,0,0,39.9052,116.40826,0
104.7,1000,50,0,0,0,39.9052,116.40827,0
104.8,1000,50,0,0,0,39.9052,116.40827999999999,0
104.9,1000,50,0,0,0,39.9052,116.40829,0
105,1000,50,0,0,0,39.9052,116.4083,0
105.1,1000,50,0,0,0,39.9052,116.40831,0
105.2,1000,50,0,0,0,39.9052,116.40831999999999,0
105.3,1000,50,0,0,0,39.9052,116.40832999999999,0
105.4,1000,50,0,0,0,39.9052,116.40834,0
105.5,1000,50,0,0,0,39.9052,116.40835,0
105.6,1000,50,0,0,0,39.9052,116.40836,0
105.7,1000,50,0,0,0,39.9052,116.40836999999999,0
105.8,1000,50,0,0,0,39.9052,116.40838,0
105.9,1000,50,0,0,0,39.9052,116.40839,0
